image_id,dominant_color,secondary_color,detected_colors
0,Brown,Yellow,"Yellow,Brown"
1,Yellow,Brown,"Yellow,Blue,Brown"
2,Brown,Yellow,"Yellow,Brown"
3,Red,Brown,"Red,Brown"
4,Brown,Red,"Red,Orange,Yellow,Brown"
5,Brown,Orange,"Orange,Yellow,Brown"
6,Brown,Yellow,"Yellow,Brown"
7,Red,Brown,"Red,Yellow,Brown"
8,Red,Brown,"Red,Orange,Yellow,Brown"
9,Orange,Brown,"Orange,Brown"
10,Brown,Blue,"Blue,Brown"
11,Yellow,Brown,"Orange,Yellow,Brown"
12,Orange,Brown,"Orange,Yellow,Brown"
13,Green,Yellow,"Yellow,Green,Brown"
14,Brown,none,Brown
15,Cyan,Brown,"Cyan,Blue,Brown"
16,Yellow,Orange,"Orange,Yellow"
17,Orange,Brown,"Orange,Brown"
18,Orange,Brown,"Orange,Brown"
19,Orange,Brown,"Orange,Yellow,Brown"
20,Brown,Orange,"Red,Orange,Brown"
21,Brown,Orange,"Orange,Yellow,Brown"
22,Brown,Red,"Red,Orange,Brown"
23,Orange,Brown,"Red,Orange,Brown"
24,Brown,Orange,"Orange,Brown"
25,Brown,Orange,"Orange,Brown"
26,Brown,Orange,"Red,Orange,Brown"
27,Yellow,Orange,"Orange,Yellow,Brown"
28,Green,Yellow,"Orange,Yellow,Green,Brown"
29,Brown,Yellow,"Orange,Yellow,Brown"
30,Orange,Brown,"Orange,Brown"
31,Yellow,Orange,"Orange,Yellow"
32,Yellow,Orange,"Orange,Yellow"
33,Yellow,Brown,"Orange,Yellow,Brown"
34,Orange,Brown,"Orange,Yellow,Brown"
35,Orange,Yellow,"Orange,Yellow,Brown"
36,Brown,Orange,"Orange,Brown"
37,Orange,Yellow,"Orange,Yellow,Brown"
38,Yellow,Orange,"Orange,Yellow,Brown"
39,Brown,Orange,"Orange,Yellow,Brown"
40,Orange,Brown,"Orange,Yellow,Brown"
41,Brown,Orange,"Orange,Brown"
42,Yellow,Red,"Red,Orange,Yellow,Purple,Brown"
43,Brown,Orange,"Orange,Brown"
44,Green,Cyan,"Green,Cyan,Brown"
45,Brown,Yellow,"Orange,Yellow,Brown"
46,Yellow,Orange,"Orange,Yellow,Brown"
47,Brown,Red,"Red,Orange,Brown"
48,Yellow,Brown,"Orange,Yellow,Brown"
49,Orange,Brown,"Orange,Brown"
50,Brown,Yellow,"Orange,Yellow,Brown"
51,Yellow,none,Yellow
52,Brown,none,Brown
53,Brown,Orange,"Orange,Brown"
54,Brown,Yellow,"Orange,Yellow,Brown"
55,Yellow,Brown,"Yellow,Green,Brown"
56,Brown,Yellow,"Orange,Yellow,Brown"
57,Orange,Brown,"Orange,Brown"
58,Orange,Brown,"Orange,Brown"
59,Orange,Brown,"Orange,Brown"
60,Brown,Orange,"Orange,Brown"
61,Brown,Yellow,"Yellow,Brown"
62,Brown,Orange,"Orange,Brown"
63,Brown,Orange,"Orange,Brown"
64,Brown,Orange,"Red,Orange,Brown"
65,Brown,Orange,"Orange,Brown"
66,Brown,Red,"Red,Brown"
67,Orange,Brown,"Orange,Yellow,Brown"
68,Yellow,Orange,"Orange,Yellow,Brown"
69,Brown,Orange,"Red,Orange,Brown"
70,Brown,Red,"Red,Brown"
71,Brown,Orange,"Orange,Brown"
72,Brown,Red,"Red,Orange,Brown"
73,Brown,Orange,"Orange,Brown"
74,Yellow,Orange,"Orange,Yellow"
75,Brown,Red,"Red,Brown"
76,Brown,Blue,"Blue,Brown"
77,Orange,none,Orange
78,Orange,Brown,"Orange,Yellow,Brown"
79,Brown,Orange,"Orange,Yellow,Brown"
80,Brown,Orange,"Orange,Brown"
81,Brown,Red,"Red,Orange,Brown"
82,Brown,Orange,"Orange,Yellow,Brown"
83,Yellow,Orange,"Orange,Yellow"
84,Brown,Purple,"Red,Purple,Brown"
85,Orange,Brown,"Red,Orange,Brown"
86,Brown,Orange,"Orange,Brown"
87,Brown,Orange,"Orange,Brown"
88,Brown,Orange,"Orange,Brown"
89,Brown,Red,"Red,Brown"
90,Orange,Yellow,"Orange,Yellow,Brown"
91,Brown,none,Brown
92,Orange,Brown,"Orange,Brown"
93,Yellow,none,Yellow
94,Brown,Orange,"Orange,Brown"
95,Orange,Brown,"Red,Orange,Yellow,Brown"
96,Orange,Brown,"Orange,Yellow,Brown"
97,Orange,Brown,"Orange,Brown"
98,Yellow,Orange,"Orange,Yellow,Brown"
99,Brown,Orange,"Orange,Yellow,Brown"
100,Brown,none,Brown
101,Brown,Yellow,"Yellow,Brown"
102,Brown,Orange,"Orange,Brown"
103,Brown,Orange,"Red,Orange,Yellow,Brown"
104,Yellow,none,Yellow
105,Orange,Yellow,"Orange,Yellow,Brown"
106,Orange,Brown,"Orange,Brown"
107,Yellow,Orange,"Orange,Yellow,Brown"
108,Brown,Orange,"Orange,Brown"
109,Orange,Brown,"Orange,Yellow,Brown"
110,Brown,Orange,"Orange,Brown"
111,Orange,Yellow,"Orange,Yellow,Brown"
112,Orange,Brown,"Orange,Brown"
113,Brown,Red,"Red,Orange,Brown"
114,Orange,Brown,"Red,Orange,Brown"
115,Orange,Yellow,"Orange,Yellow,Brown"
116,Orange,Brown,"Orange,Brown"
117,Red,Blue,"Red,Orange,Blue,Brown"
118,Brown,Orange,"Orange,Yellow,Brown"
119,Orange,Brown,"Orange,Yellow,Brown"
120,Brown,Orange,"Orange,Brown"
121,Orange,Yellow,"Orange,Yellow,Brown"
122,Brown,Orange,"Orange,Yellow,Brown"
123,Orange,Brown,"Orange,Brown"
124,Brown,Orange,"Orange,Brown"
125,Brown,none,Brown
126,Brown,Orange,"Orange,Brown"
127,Orange,Yellow,"Orange,Yellow,Brown"
128,Orange,Yellow,"Orange,Yellow,Brown"
129,Orange,Brown,"Orange,Yellow,Brown"
130,Orange,Brown,"Orange,Brown"
131,Brown,Orange,"Orange,Brown"
132,Blue,Red,"Red,Orange,Blue,Purple,Brown"
133,Brown,none,Brown
134,Orange,Yellow,"Orange,Yellow,Brown"
135,Brown,Orange,"Orange,Brown"
136,Orange,Brown,"Orange,Yellow,Brown"
137,Orange,Brown,"Orange,Yellow,Brown"
138,Brown,Red,"Red,Brown"
139,Yellow,Brown,"Yellow,Green,Brown"
140,Orange,Brown,"Orange,Brown"
141,Yellow,Brown,"Orange,Yellow,Brown"
142,Yellow,Green,"Yellow,Green"
143,Orange,Brown,"Red,Orange,Brown"
144,Orange,Brown,"Orange,Brown"
145,Yellow,Brown,"Orange,Yellow,Brown"
146,Red,Blue,"Red,Orange,Blue,Purple,Brown"
147,Orange,Brown,"Orange,Brown"
148,Brown,none,Brown
149,Yellow,Orange,"Orange,Yellow"
150,Orange,Brown,"Orange,Yellow,Brown"
151,Brown,Orange,"Orange,Brown"
152,Orange,Brown,"Orange,Brown"
153,Brown,Orange,"Orange,Brown"
154,Brown,Orange,"Orange,Brown"
155,Brown,Orange,"Red,Orange,Brown"
156,Brown,Purple,"Orange,Yellow,Purple,Brown"
157,Orange,Brown,"Orange,Yellow,Brown"
158,Yellow,Orange,"Orange,Yellow"
159,Orange,Yellow,"Orange,Yellow,Brown"
160,Brown,Red,"Red,Brown"
161,Orange,Brown,"Orange,Brown"
162,Orange,Brown,"Orange,Brown"
163,Brown,Orange,"Orange,Brown"
164,Brown,Orange,"Orange,Brown"
165,Brown,Orange,"Red,Orange,Brown"
166,Orange,Brown,"Orange,Yellow,Brown"
167,Brown,Orange,"Orange,Brown"
168,Yellow,Orange,"Orange,Yellow,Brown"
169,Orange,Yellow,"Orange,Yellow,Brown"
170,Brown,Green,"Red,Orange,Green,Brown"
171,Brown,Orange,"Orange,Brown"
172,Brown,Orange,"Orange,Brown"
173,Brown,Orange,"Orange,Brown"
174,Brown,Orange,"Orange,Brown"
175,Brown,Orange,"Orange,Brown"
176,Orange,Yellow,"Orange,Yellow,Brown"
177,Brown,Red,"Red,Brown"
178,Yellow,Orange,"Orange,Yellow,Brown"
179,Brown,Orange,"Orange,Brown"
180,Orange,none,Orange
181,Orange,Brown,"Orange,Yellow,Brown"
182,Orange,Brown,"Orange,Yellow,Brown"
183,Yellow,Orange,"Orange,Yellow,Brown"
184,Blue,Brown,"Blue,Brown"
185,Orange,Yellow,"Orange,Yellow,Brown"
186,Brown,none,Brown
187,Orange,Brown,"Orange,Yellow,Brown"
188,Brown,none,Brown
189,Brown,none,Brown
190,Yellow,Orange,"Orange,Yellow"
191,Brown,none,Brown
192,Orange,Brown,"Orange,Yellow,Brown"
193,Brown,none,Brown
194,Brown,Red,"Red,Orange,Yellow,Brown"
195,Orange,Brown,"Orange,Brown"
196,Yellow,Orange,"Orange,Yellow,Brown"
197,Brown,none,Brown
198,Orange,Brown,"Orange,Yellow,Brown"
199,Orange,Brown,"Orange,Yellow,Brown"
200,Yellow,Orange,"Orange,Yellow,Brown"
201,Brown,Orange,"Orange,Yellow,Brown"
202,Orange,Brown,"Orange,Brown"
203,Orange,Yellow,"Orange,Yellow"
204,Yellow,Brown,"Orange,Yellow,Green,Brown"
205,Brown,Orange,"Orange,Yellow,Brown"
206,Orange,Brown,"Orange,Brown"
207,Orange,Brown,"Orange,Yellow,Brown"
208,Orange,Brown,"Orange,Yellow,Brown"
209,Brown,Orange,"Orange,Yellow,Brown"
210,Orange,Brown,"Orange,Brown"
211,Brown,Red,"Red,Brown"
212,Brown,Yellow,"Orange,Yellow,Brown"
213,Orange,none,Orange
214,Brown,Yellow,"Orange,Yellow,Brown"
215,Brown,Orange,"Orange,Yellow,Brown"
216,Orange,Brown,"Orange,Brown"
217,Orange,Brown,"Orange,Brown"
218,Brown,Orange,"Orange,Yellow,Brown"
219,Brown,Orange,"Orange,Brown"
220,Brown,Red,"Red,Brown"
221,Brown,Orange,"Orange,Brown"
222,Brown,none,Brown
223,Yellow,Orange,"Orange,Yellow"
224,Orange,Yellow,"Orange,Yellow,Brown"
225,Brown,none,Brown
226,Brown,Orange,"Orange,Brown"
227,Orange,Brown,"Orange,Brown"
228,Orange,Yellow,"Orange,Yellow"
229,Blue,Brown,"Red,Blue,Purple,Brown"
230,Brown,none,Brown
231,Yellow,Orange,"Orange,Yellow"
232,Brown,Yellow,"Orange,Yellow,Brown"
233,Brown,Orange,"Orange,Brown"
234,Brown,Orange,"Orange,Brown"
235,Brown,Orange,"Orange,Brown"
236,Orange,Brown,"Red,Orange,Brown"
237,Yellow,Brown,"Orange,Yellow,Brown"
238,Brown,Yellow,"Orange,Yellow,Brown"
239,Yellow,Brown,"Yellow,Brown"
240,Brown,Orange,"Orange,Brown"
241,Brown,Orange,"Orange,Brown"
242,Brown,Orange,"Red,Orange,Brown"
243,Orange,Brown,"Red,Orange,Brown"
244,Orange,Brown,"Orange,Brown"
245,Brown,Orange,"Orange,Brown"
246,Red,Brown,"Red,Orange,Purple,Brown"
247,Orange,Brown,"Red,Orange,Brown"
248,Yellow,Orange,"Orange,Yellow,Brown"
249,Brown,none,Brown
250,Orange,Brown,"Orange,Yellow,Brown"
251,Yellow,Orange,"Orange,Yellow,Brown"
252,Orange,none,Orange
253,Brown,Yellow,"Orange,Yellow,Brown"
254,Brown,Orange,"Orange,Yellow,Brown"
255,Orange,Brown,"Orange,Brown"
256,Brown,Orange,"Orange,Brown"
257,Orange,Brown,"Orange,Yellow,Brown"
258,Brown,Red,"Red,Orange,Brown"
259,Orange,Yellow,"Orange,Yellow,Brown"
260,Brown,Orange,"Orange,Brown"
261,Brown,Yellow,"Orange,Yellow,Brown"
262,Orange,Brown,"Orange,Yellow,Brown"
263,Brown,Orange,"Orange,Brown"
264,Orange,Brown,"Orange,Brown"
265,Orange,Brown,"Orange,Blue,Brown"
266,Brown,Orange,"Orange,Yellow,Brown"
267,Orange,Brown,"Orange,Brown"
268,Orange,Brown,"Orange,Brown"
269,Orange,none,Orange
270,Orange,Brown,"Orange,Brown"
271,Brown,Orange,"Orange,Brown"
272,Brown,none,Brown
273,Orange,Brown,"Orange,Brown"
274,Yellow,Orange,"Orange,Yellow,Brown"
275,Orange,Brown,"Orange,Brown"
276,Brown,Orange,"Orange,Brown"
277,Brown,Red,"Red,Yellow,Brown"
278,Orange,Yellow,"Orange,Yellow,Brown"
279,Orange,Brown,"Orange,Yellow,Brown"
280,Brown,Orange,"Orange,Brown"
281,Brown,Red,"Red,Brown"
282,Brown,Orange,"Orange,Brown"
283,Brown,Orange,"Orange,Yellow,Brown"
284,Brown,Yellow,"Yellow,Brown"
285,Orange,Brown,"Orange,Brown"
286,Orange,Brown,"Orange,Brown"
287,Yellow,Orange,"Orange,Yellow,Brown"
288,Orange,Yellow,"Orange,Yellow,Brown"
289,Orange,Yellow,"Orange,Yellow"
290,Orange,Brown,"Orange,Brown"
291,Brown,Orange,"Orange,Brown"
292,Brown,Orange,"Orange,Yellow,Brown"
293,Brown,Red,"Red,Yellow,Brown"
294,Brown,Orange,"Orange,Brown"
295,Orange,Brown,"Orange,Brown"
296,Orange,Brown,"Orange,Yellow,Brown"
297,Orange,Brown,"Orange,Brown"
298,Orange,Brown,"Orange,Yellow,Brown"
299,Brown,Orange,"Orange,Brown"
300,Orange,Brown,"Orange,Brown"
301,Orange,Brown,"Orange,Blue,Brown"
302,Orange,Brown,"Orange,Brown"
303,Yellow,Orange,"Orange,Yellow"
304,Brown,none,Brown
305,Brown,none,Brown
306,Yellow,none,Yellow
307,Brown,Red,"Red,Brown"
308,Orange,Brown,"Orange,Brown"
309,Brown,Red,"Red,Brown"
310,Yellow,Orange,"Orange,Yellow,Brown"
311,Brown,Blue,"Red,Blue,Brown"
312,Brown,Orange,"Orange,Brown"
313,Orange,Yellow,"Orange,Yellow,Brown"
314,Yellow,none,Yellow
315,Yellow,Orange,"Orange,Yellow,Brown"
316,Brown,Yellow,"Orange,Yellow,Brown"
317,Yellow,none,Yellow
318,Orange,Brown,"Orange,Brown"
319,Orange,Brown,"Orange,Yellow,Brown"
320,Brown,Orange,"Orange,Yellow,Brown"
321,Orange,Yellow,"Orange,Yellow,Brown"
322,Orange,Brown,"Orange,Brown"
323,Brown,Orange,"Orange,Brown"
324,Brown,Orange,"Orange,Yellow,Brown"
325,Yellow,Brown,"Orange,Yellow,Brown"
326,Brown,Red,"Red,Yellow,Brown"
327,Brown,none,Brown
328,Orange,Brown,"Orange,Brown"
329,Orange,Yellow,"Orange,Yellow,Brown"
330,Orange,none,Orange
331,Orange,Yellow,"Orange,Yellow,Brown"
332,Orange,Brown,"Orange,Brown"
333,Brown,Orange,"Orange,Brown"
334,Brown,Orange,"Orange,Brown"
335,Brown,Orange,"Orange,Brown"
336,Brown,Orange,"Orange,Brown"
337,Brown,Orange,"Orange,Brown"
338,Orange,Brown,"Orange,Brown"
339,Orange,Brown,"Orange,Brown"
340,Brown,Orange,"Orange,Brown"
341,Brown,Orange,"Orange,Brown"
342,Orange,Brown,"Red,Orange,Brown"
343,Brown,Red,"Red,Orange,Brown"
344,Orange,Brown,"Orange,Brown"
345,Brown,Orange,"Orange,Yellow,Brown"
346,Orange,Brown,"Orange,Yellow,Brown"
347,Orange,Brown,"Orange,Brown"
348,Brown,Orange,"Orange,Brown"
349,Brown,Orange,"Orange,Brown"
350,Brown,Blue,"Cyan,Blue,Brown"
351,Orange,Yellow,"Orange,Yellow,Brown"
352,Orange,Brown,"Orange,Yellow,Brown"
353,Orange,Brown,"Orange,Brown"
354,Brown,Yellow,"Orange,Yellow,Brown"
355,Brown,Orange,"Orange,Yellow,Brown"
356,Orange,Brown,"Orange,Yellow,Brown"
357,Yellow,Orange,"Orange,Yellow,Brown"
358,Brown,Orange,"Orange,Brown"
359,Orange,none,Orange
360,Brown,Orange,"Orange,Brown"
361,Orange,Brown,"Orange,Brown"
362,Brown,Orange,"Orange,Brown"
363,Orange,none,Orange
364,Orange,Brown,"Orange,Yellow,Brown"
365,Brown,Orange,"Orange,Brown"
366,Brown,Orange,"Orange,Brown"
367,Brown,Orange,"Orange,Yellow,Brown"
368,Brown,none,Brown
369,Brown,none,Brown
370,Brown,Red,"Red,Orange,Brown"
371,Yellow,Brown,"Orange,Yellow,Brown"
372,Yellow,Orange,"Orange,Yellow"
373,Yellow,Orange,"Orange,Yellow"
374,Orange,Brown,"Red,Orange,Yellow,Brown"
375,Orange,Brown,"Orange,Brown"
376,Yellow,Brown,"Orange,Yellow,Brown"
377,Yellow,none,Yellow
378,Brown,Orange,"Orange,Brown"
379,Yellow,Brown,"Yellow,Brown"
380,Yellow,Brown,"Yellow,Brown"
381,Yellow,Brown,"Yellow,Brown"
382,Yellow,Orange,"Orange,Yellow"
383,Orange,Brown,"Orange,Yellow,Brown"
384,Brown,Red,"Red,Orange,Brown"
385,Brown,Orange,"Orange,Yellow,Brown"
386,Yellow,none,Yellow
387,Brown,none,Brown
388,Yellow,Orange,"Orange,Yellow,Brown"
389,Brown,Orange,"Orange,Brown"
390,Orange,Yellow,"Orange,Yellow"
391,Brown,Orange,"Orange,Brown"
392,Yellow,Orange,"Orange,Yellow,Brown"
393,Green,Yellow,"Yellow,Green,Brown"
394,Brown,Orange,"Orange,Yellow,Brown"
395,Brown,Orange,"Orange,Brown"
396,Orange,Yellow,"Orange,Yellow,Brown"
397,Brown,Orange,"Orange,Brown"
398,Orange,Brown,"Orange,Brown"
399,Brown,Orange,"Orange,Yellow,Brown"
400,Orange,Brown,"Orange,Brown"
401,Yellow,Orange,"Orange,Yellow"
402,Brown,Orange,"Orange,Brown"
403,Yellow,Orange,"Orange,Yellow,Brown"
404,Brown,Orange,"Orange,Brown"
405,Brown,Orange,"Orange,Brown"
406,Orange,Brown,"Orange,Brown"
407,Brown,Orange,"Orange,Brown"
408,Orange,Red,"Red,Orange,Brown"
409,Orange,Brown,"Orange,Brown"
410,Yellow,none,Yellow
411,Orange,Brown,"Orange,Brown"
412,Brown,Purple,"Orange,Purple,Brown"
413,Brown,Orange,"Orange,Brown"
414,Brown,Orange,"Orange,Yellow,Brown"
415,Brown,Orange,"Orange,Brown"
416,Brown,Orange,"Orange,Brown"
417,Yellow,Orange,"Orange,Yellow"
418,Yellow,Orange,"Orange,Yellow,Brown"
419,Brown,Orange,"Orange,Brown"
420,Orange,Brown,"Orange,Brown"
421,Orange,Brown,"Orange,Brown"
422,Orange,Brown,"Orange,Brown"
423,Red,Orange,"Red,Orange,Brown"
424,Yellow,none,Yellow
425,Brown,Orange,"Red,Orange,Yellow,Brown"
426,Orange,Yellow,"Orange,Yellow"
427,Brown,none,Brown
428,Brown,Red,"Red,Brown"
429,Brown,Yellow,"Orange,Yellow,Brown"
430,Brown,none,Brown
431,Brown,Orange,"Orange,Brown"
432,Brown,Orange,"Orange,Brown"
433,Yellow,Orange,"Orange,Yellow,Brown"
434,Brown,Orange,"Orange,Brown"
435,Brown,Yellow,"Yellow,Brown"
436,Orange,Yellow,"Orange,Yellow,Brown"
437,Brown,Orange,"Orange,Brown"
438,Yellow,Orange,"Orange,Yellow"
439,Brown,Orange,"Orange,Brown"
440,Yellow,Brown,"Yellow,Brown"
441,Brown,Orange,"Red,Orange,Yellow,Brown"
442,Brown,none,Brown
443,Orange,Brown,"Orange,Brown"
444,Brown,Green,"Orange,Green,Brown"
445,Brown,Orange,"Red,Orange,Brown"
446,Brown,Orange,"Orange,Brown"
447,Yellow,Green,"Orange,Yellow,Green,Brown"
448,Orange,Yellow,"Orange,Yellow,Brown"
449,Brown,none,Brown
450,Orange,Yellow,"Orange,Yellow,Brown"
451,Orange,Brown,"Orange,Yellow,Brown"
452,Orange,Yellow,"Orange,Yellow,Brown"
453,Orange,none,Orange
454,Orange,Brown,"Orange,Yellow,Brown"
455,Brown,Orange,"Orange,Brown"
456,Orange,Brown,"Orange,Brown"
457,Brown,Orange,"Orange,Brown"
458,Brown,Orange,"Orange,Yellow,Brown"
459,Orange,Brown,"Orange,Brown"
460,Brown,Orange,"Red,Orange,Brown"
461,Yellow,Brown,"Yellow,Brown"
462,Orange,Yellow,"Orange,Yellow"
463,Brown,none,Brown
464,Brown,Orange,"Orange,Brown"
465,Brown,Orange,"Orange,Brown"
466,Brown,Orange,"Orange,Brown"
467,Brown,none,Brown
468,Brown,Orange,"Orange,Brown"
469,Brown,Yellow,"Yellow,Brown"
470,Orange,Brown,"Orange,Brown"
471,Yellow,Orange,"Orange,Yellow"
472,Orange,Yellow,"Orange,Yellow,Brown"
473,Yellow,Brown,"Yellow,Brown"
474,Brown,Orange,"Orange,Yellow,Brown"
475,Yellow,none,Yellow
476,Brown,Yellow,"Orange,Yellow,Brown"
477,Orange,Yellow,"Orange,Yellow,Brown"
478,Orange,Yellow,"Orange,Yellow,Brown"
479,Brown,Orange,"Orange,Brown"
480,Orange,Brown,"Orange,Brown"
481,Brown,Yellow,"Orange,Yellow,Brown"
482,Brown,Orange,"Orange,Yellow,Brown"
483,Orange,Brown,"Orange,Yellow,Brown"
484,Red,Brown,"Red,Yellow,Brown"
485,Brown,Yellow,"Red,Yellow,Green,Brown"
486,Brown,Orange,"Orange,Yellow,Brown"
487,Yellow,Orange,"Orange,Yellow"
488,Yellow,Orange,"Orange,Yellow"
489,Orange,none,Orange
490,Brown,Orange,"Orange,Brown"
491,Yellow,Orange,"Orange,Yellow,Brown"
492,Brown,Yellow,"Orange,Yellow,Brown"
493,Brown,Orange,"Orange,Yellow,Brown"
494,Orange,Yellow,"Orange,Yellow,Brown"
495,Yellow,Orange,"Red,Orange,Yellow,Brown"
496,Yellow,Orange,"Orange,Yellow"
497,Yellow,Brown,"Orange,Yellow,Brown"
498,Brown,Orange,"Orange,Brown"
499,Brown,none,Brown
500,Orange,Brown,"Orange,Yellow,Brown"
501,Brown,none,Brown
502,Brown,Orange,"Orange,Brown"
503,Brown,none,Brown
504,Brown,Orange,"Orange,Brown"
505,Brown,Orange,"Orange,Brown"
506,Yellow,Orange,"Orange,Yellow,Brown"
507,Orange,Brown,"Orange,Brown"
508,Brown,Orange,"Orange,Brown"
509,Brown,Orange,"Orange,Brown"
510,Yellow,Brown,"Orange,Yellow,Brown"
511,Brown,Orange,"Orange,Brown"
512,Brown,none,Brown
513,Brown,Orange,"Orange,Brown"
514,Orange,Brown,"Orange,Brown"
515,Brown,none,Brown
516,Yellow,Orange,"Orange,Yellow,Brown"
517,Brown,Orange,"Orange,Brown"
518,Orange,Yellow,"Orange,Yellow"
519,Orange,Brown,"Orange,Brown"
520,Brown,Cyan,"Cyan,Blue,Brown"
521,Orange,Yellow,"Orange,Yellow,Brown"
522,Orange,none,Orange
523,Brown,Yellow,"Orange,Yellow,Brown"
524,Orange,Brown,"Orange,Yellow,Brown"
525,Brown,Orange,"Orange,Brown"
526,Orange,Red,"Red,Orange,Brown"
527,Brown,Orange,"Orange,Brown"
528,Yellow,Orange,"Orange,Yellow"
529,Orange,Yellow,"Orange,Yellow,Brown"
530,Yellow,Orange,"Orange,Yellow,Brown"
531,Brown,Orange,"Orange,Yellow,Brown"
532,Brown,Orange,"Orange,Brown"
533,Orange,Brown,"Orange,Brown"
534,Yellow,Orange,"Orange,Yellow,Green,Brown"
535,Yellow,Orange,"Orange,Yellow,Brown"
536,Yellow,Brown,"Yellow,Brown"
537,Brown,none,Brown
538,Yellow,Orange,"Orange,Yellow,Brown"
539,Brown,Orange,"Orange,Brown"
540,Orange,Brown,"Orange,Yellow,Brown"
541,Brown,Blue,"Blue,Brown"
542,Brown,Orange,"Red,Orange,Brown"
543,Orange,Yellow,"Orange,Yellow,Brown"
544,Yellow,Orange,"Orange,Yellow"
545,Orange,Brown,"Orange,Yellow,Brown"
546,Yellow,none,Yellow
547,Brown,Orange,"Orange,Yellow,Brown"
548,Orange,Brown,"Orange,Brown"
549,Brown,Orange,"Orange,Yellow,Brown"
550,Brown,Orange,"Orange,Brown"
551,Brown,Yellow,"Orange,Yellow,Brown"
552,Brown,Yellow,"Orange,Yellow,Brown"
553,Yellow,none,Yellow
554,Brown,Orange,"Orange,Brown"
555,Orange,Yellow,"Orange,Yellow"
556,Brown,Orange,"Orange,Brown"
557,Brown,Orange,"Orange,Yellow,Brown"
558,Brown,Orange,"Orange,Yellow,Brown"
559,Brown,none,Brown
560,Orange,Yellow,"Orange,Yellow,Brown"
561,Brown,Orange,"Orange,Brown"
562,Brown,Orange,"Orange,Brown"
563,Yellow,Orange,"Orange,Yellow"
564,Brown,none,Brown
565,Orange,none,Orange
566,Brown,Orange,"Orange,Brown"
567,Yellow,Orange,"Orange,Yellow"
568,Brown,Orange,"Orange,Yellow,Brown"
569,Yellow,Orange,"Orange,Yellow,Brown"
570,Brown,Orange,"Orange,Brown"
571,Blue,Brown,"Orange,Blue,Brown"
572,Brown,Orange,"Orange,Brown"
573,Orange,none,Orange
574,Orange,Brown,"Orange,Yellow,Brown"
575,Orange,Brown,"Orange,Brown"
576,Yellow,Brown,"Orange,Yellow,Brown"
577,Brown,Blue,"Blue,Brown"
578,Orange,Brown,"Orange,Brown"
579,Yellow,Brown,"Orange,Yellow,Brown"
580,Orange,Brown,"Orange,Yellow,Brown"
581,Orange,Yellow,"Orange,Yellow,Brown"
582,Green,Brown,"Green,Brown"
583,Brown,Orange,"Orange,Brown"
584,Yellow,Orange,"Orange,Yellow"
585,Brown,Yellow,"Yellow,Brown"
586,Orange,none,Orange
587,Brown,Orange,"Orange,Yellow,Brown"
588,Brown,Yellow,"Orange,Yellow,Brown"
589,Brown,none,Brown
590,Yellow,Orange,"Orange,Yellow,Brown"
591,Brown,Orange,"Orange,Brown"
592,Orange,Yellow,"Orange,Yellow,Brown"
593,Yellow,Brown,"Yellow,Brown"
594,Brown,none,Brown
595,Yellow,Orange,"Orange,Yellow"
596,Brown,Orange,"Orange,Brown"
597,Brown,Orange,"Orange,Yellow,Brown"
598,Brown,none,Brown
599,Brown,Yellow,"Yellow,Brown"
600,Brown,Orange,"Orange,Brown"
601,Brown,Yellow,"Orange,Yellow,Brown"
602,Red,Brown,"Red,Brown"
603,Orange,Brown,"Orange,Brown"
604,Brown,Orange,"Orange,Brown"
605,Orange,Yellow,"Orange,Yellow,Brown"
606,Yellow,none,Yellow
607,Orange,Yellow,"Orange,Yellow"
608,Orange,Brown,"Orange,Brown"
609,Brown,Yellow,"Orange,Yellow,Brown"
610,Orange,Brown,"Orange,Brown"
611,Brown,none,Brown
612,Brown,Orange,"Red,Orange,Brown"
613,Orange,Brown,"Orange,Yellow,Brown"
614,Brown,Yellow,"Orange,Yellow,Brown"
615,Brown,Orange,"Orange,Brown"
616,Yellow,Orange,"Orange,Yellow,Brown"
617,Brown,Orange,"Orange,Yellow,Brown"
618,Brown,Orange,"Orange,Yellow,Brown"
619,Orange,Brown,"Orange,Brown"
620,Yellow,none,Yellow
621,Orange,Brown,"Orange,Brown"
622,Brown,Orange,"Orange,Brown"
623,Orange,Yellow,"Orange,Yellow,Brown"
624,Orange,Brown,"Orange,Brown"
625,Brown,Orange,"Orange,Brown"
626,Orange,Cyan,"Orange,Cyan,Brown"
627,Yellow,Orange,"Orange,Yellow,Brown"
628,Orange,Yellow,"Orange,Yellow"
629,Orange,Brown,"Orange,Brown"
630,Cyan,Orange,"Orange,Cyan,Blue,Brown"
631,Brown,none,Brown
632,Brown,Orange,"Orange,Brown"
633,Yellow,Orange,"Orange,Yellow"
634,Orange,Yellow,"Orange,Yellow,Brown"
635,Orange,Brown,"Orange,Yellow,Brown"
636,Orange,Brown,"Orange,Brown"
637,Brown,none,Brown
638,Yellow,Brown,"Orange,Yellow,Brown"
639,Brown,Orange,"Orange,Brown"
640,Brown,Orange,"Orange,Brown"
641,Orange,Brown,"Orange,Yellow,Brown"
642,Brown,Orange,"Orange,Brown"
643,Brown,Yellow,"Yellow,Brown"
644,Brown,Orange,"Orange,Blue,Brown"
645,Brown,Orange,"Orange,Brown"
646,Brown,Orange,"Orange,Yellow,Brown"
647,Brown,Orange,"Orange,Blue,Brown"
648,Orange,Brown,"Orange,Brown"
649,Brown,Yellow,"Red,Orange,Yellow,Brown"
650,Orange,Brown,"Orange,Brown"
651,Brown,Orange,"Orange,Brown"
652,Yellow,Brown,"Yellow,Brown"
653,Brown,Orange,"Orange,Brown"
654,Brown,Orange,"Orange,Brown"
655,Cyan,Orange,"Orange,Cyan,Blue,Brown"
656,Orange,Brown,"Orange,Yellow,Brown"
657,Brown,Orange,"Orange,Brown"
658,Brown,none,Brown
659,Orange,Brown,"Red,Orange,Brown"
660,Yellow,Orange,"Orange,Yellow,Brown"
661,Yellow,Orange,"Orange,Yellow"
662,Brown,Yellow,"Orange,Yellow,Blue,Purple,Brown"
663,Orange,Brown,"Orange,Brown"
664,Yellow,Brown,"Yellow,Brown"
665,Brown,Orange,"Orange,Yellow,Brown"
666,Blue,Brown,"Orange,Blue,Brown"
667,Brown,none,Brown
668,Brown,none,Brown
669,Yellow,Orange,"Orange,Yellow,Brown"
670,Orange,Brown,"Orange,Brown"
671,Brown,Orange,"Orange,Brown"
672,Brown,Orange,"Orange,Brown"
673,Orange,Brown,"Orange,Brown"
674,Brown,Orange,"Orange,Brown"
675,Yellow,Orange,"Orange,Yellow"
676,Brown,Orange,"Orange,Brown"
677,Brown,Yellow,"Red,Orange,Yellow,Brown"
678,Brown,Orange,"Orange,Brown"
679,Brown,Orange,"Red,Orange,Brown"
680,Brown,none,Brown
681,Brown,Orange,"Orange,Yellow,Brown"
682,Orange,Brown,"Red,Orange,Brown"
683,Brown,Orange,"Orange,Yellow,Brown"
684,Orange,Brown,"Orange,Yellow,Brown"
685,Brown,Orange,"Orange,Brown"
686,Brown,Yellow,"Orange,Yellow,Brown"
687,Brown,Orange,"Orange,Brown"
688,Orange,Brown,"Orange,Brown"
689,Brown,Orange,"Orange,Brown"
690,Orange,Brown,"Orange,Brown"
691,Orange,Brown,"Orange,Yellow,Brown"
692,Brown,Orange,"Orange,Brown"
693,Orange,Brown,"Orange,Brown"
694,Yellow,Orange,"Orange,Yellow"
695,Brown,Orange,"Orange,Brown"
696,Yellow,Brown,"Orange,Yellow,Brown"
697,Brown,Orange,"Orange,Brown"
698,Brown,none,Brown
699,Brown,Orange,"Orange,Brown"
700,Orange,Yellow,"Orange,Yellow,Brown"
701,Brown,none,Brown
702,Yellow,Brown,"Orange,Yellow,Brown"
703,Orange,Yellow,"Orange,Yellow,Brown"
704,Brown,none,Brown
705,Brown,Red,"Red,Orange,Brown"
706,Brown,Orange,"Red,Orange,Blue,Brown"
707,Orange,Brown,"Orange,Yellow,Brown"
708,Brown,Orange,"Red,Orange,Brown"
709,Brown,Orange,"Red,Orange,Brown"
710,Brown,Orange,"Orange,Brown"
711,Orange,Brown,"Red,Orange,Brown"
712,Orange,Brown,"Orange,Brown"
713,Brown,Orange,"Orange,Brown"
714,Brown,Red,"Red,Orange,Yellow,Brown"
715,Cyan,Green,"Orange,Green,Cyan,Brown"
716,Yellow,none,Yellow
717,Brown,Orange,"Orange,Brown"
718,Brown,Orange,"Orange,Yellow,Brown"
719,Yellow,none,Yellow
720,Yellow,Orange,"Orange,Yellow,Brown"
721,Yellow,Brown,"Orange,Yellow,Brown"
722,Yellow,Orange,"Orange,Yellow,Brown"
723,Brown,Orange,"Orange,Brown"
724,Yellow,Orange,"Orange,Yellow,Brown"
725,Brown,Orange,"Orange,Yellow,Brown"
726,Brown,Purple,"Orange,Blue,Purple,Brown"
727,Yellow,Orange,"Orange,Yellow,Brown"
728,Yellow,Brown,"Yellow,Brown"
729,Brown,Orange,"Orange,Brown"
730,Orange,Brown,"Orange,Brown"
731,Yellow,Orange,"Orange,Yellow"
732,Brown,none,Brown
733,Brown,Orange,"Red,Orange,Brown"
734,Brown,Orange,"Orange,Yellow,Brown"
735,Brown,none,Brown
736,Orange,Brown,"Orange,Brown"
737,Brown,Blue,"Blue,Brown"
738,Orange,Yellow,"Orange,Yellow,Brown"
739,Orange,Brown,"Orange,Brown"
740,Orange,Brown,"Orange,Brown"
741,Yellow,Orange,"Orange,Yellow,Brown"
742,Brown,Orange,"Orange,Yellow,Brown"
743,Brown,Orange,"Orange,Brown"
744,Orange,Brown,"Orange,Brown"
745,Brown,none,Brown
746,Brown,Orange,"Orange,Brown"
747,Brown,Yellow,"Yellow,Brown"
748,Brown,Orange,"Orange,Yellow,Brown"
749,Brown,Orange,"Orange,Brown"
750,Brown,none,Brown
751,Orange,Brown,"Orange,Brown"
752,Brown,Blue,"Blue,Brown"
753,Yellow,Orange,"Orange,Yellow,Brown"
754,Yellow,none,Yellow
755,Brown,Orange,"Orange,Brown"
756,Purple,Orange,"Red,Orange,Purple,Brown"
757,Brown,Orange,"Orange,Brown"
758,Orange,Brown,"Orange,Blue,Brown"
759,Brown,Orange,"Orange,Brown"
760,Brown,Yellow,"Orange,Yellow,Brown"
761,Brown,Orange,"Orange,Brown"
762,Orange,Yellow,"Orange,Yellow,Brown"
763,Yellow,Brown,"Orange,Yellow,Brown"
764,Yellow,none,Yellow
765,Yellow,Orange,"Orange,Yellow"
766,Brown,Orange,"Orange,Yellow,Brown"
767,Yellow,Brown,"Orange,Yellow,Brown"
768,Orange,none,Orange
769,Brown,Yellow,"Yellow,Brown"
770,Yellow,Orange,"Orange,Yellow,Brown"
771,Brown,none,Brown
772,Brown,Red,"Red,Yellow,Brown"
773,Brown,Orange,"Orange,Brown"
774,Orange,Yellow,"Orange,Yellow"
775,Yellow,Orange,"Orange,Yellow,Brown"
776,Brown,Orange,"Orange,Brown"
777,Red,Brown,"Red,Orange,Brown"
778,Yellow,Orange,"Orange,Yellow,Brown"
779,Orange,Yellow,"Orange,Yellow"
780,Orange,Brown,"Orange,Yellow,Brown"
781,Yellow,Orange,"Orange,Yellow"
782,Yellow,Brown,"Orange,Yellow,Brown"
783,Yellow,none,Yellow
784,Brown,Orange,"Orange,Blue,Brown"
785,Yellow,Orange,"Orange,Yellow"
786,Brown,none,Brown
787,Brown,Orange,"Orange,Brown"
788,Brown,Orange,"Red,Orange,Brown"
789,Yellow,Brown,"Red,Orange,Yellow,Brown"
790,Orange,Brown,"Red,Orange,Brown"
791,Orange,Brown,"Orange,Brown"
792,Brown,none,Brown
793,Yellow,Red,"Red,Orange,Yellow"
794,Brown,Orange,"Orange,Yellow,Brown"
795,Orange,Yellow,"Orange,Yellow,Brown"
796,Yellow,Orange,"Orange,Yellow,Brown"
797,Brown,Orange,"Orange,Brown"
798,Yellow,none,Yellow
799,Cyan,Orange,"Orange,Cyan,Brown"
800,Brown,Orange,"Orange,Brown"
801,Brown,Orange,"Orange,Brown"
802,Brown,Yellow,"Orange,Yellow,Brown"
803,Brown,Yellow,"Orange,Yellow,Brown"
804,Brown,Yellow,"Orange,Yellow,Brown"
805,Brown,Cyan,"Cyan,Brown"
806,Yellow,none,Yellow
807,Brown,Orange,"Orange,Yellow,Green,Brown"
808,Orange,Yellow,"Orange,Yellow,Brown"
809,Brown,Orange,"Orange,Brown"
810,Yellow,Brown,"Yellow,Brown"
811,Orange,Brown,"Orange,Brown"
812,Brown,Orange,"Orange,Brown"
813,Brown,none,Brown
814,Yellow,Brown,"Orange,Yellow,Brown"
815,Yellow,Orange,"Orange,Yellow,Brown"
816,Orange,Brown,"Orange,Yellow,Brown"
817,Yellow,none,Yellow
818,Brown,Yellow,"Orange,Yellow,Brown"
819,Yellow,Orange,"Orange,Yellow"
820,Brown,none,Brown
821,Yellow,Brown,"Yellow,Brown"
822,Yellow,Green,"Yellow,Green,Brown"
823,Orange,Yellow,"Orange,Yellow,Brown"
824,Brown,Yellow,"Orange,Yellow,Brown"
825,Yellow,Orange,"Orange,Yellow,Brown"
826,Orange,Yellow,"Orange,Yellow"
827,Brown,Orange,"Orange,Brown"
828,Orange,Yellow,"Orange,Yellow,Brown"
829,Brown,Yellow,"Orange,Yellow,Brown"
830,Brown,Orange,"Orange,Brown"
831,Yellow,Brown,"Orange,Yellow,Brown"
832,Orange,none,Orange
833,Brown,Orange,"Orange,Yellow,Brown"
834,Brown,Orange,"Orange,Brown"
835,Orange,Brown,"Orange,Blue,Brown"
836,Orange,Brown,"Orange,Brown"
837,Yellow,Brown,"Orange,Yellow,Brown"
838,Orange,Brown,"Orange,Brown"
839,Orange,Brown,"Orange,Yellow,Brown"
840,Brown,Orange,"Orange,Brown"
841,Brown,none,Brown
842,Brown,Orange,"Red,Orange,Brown"
843,Brown,Orange,"Orange,Brown"
844,Yellow,none,Yellow
845,Brown,Orange,"Orange,Yellow,Brown"
846,Yellow,Orange,"Orange,Yellow,Brown"
847,Brown,Yellow,"Orange,Yellow,Brown"
848,Brown,Orange,"Orange,Brown"
849,Orange,Brown,"Orange,Yellow,Brown"
850,Brown,Orange,"Orange,Yellow,Brown"
851,Orange,Brown,"Orange,Brown"
852,Orange,Brown,"Orange,Brown"
853,Orange,none,Orange
854,Orange,none,Orange
855,Brown,Yellow,"Orange,Yellow,Brown"
856,Yellow,none,Yellow
857,Yellow,Brown,"Orange,Yellow,Brown"
858,Orange,Brown,"Orange,Brown"
859,Orange,Brown,"Orange,Brown"
860,Brown,none,Brown
861,Brown,Orange,"Orange,Brown"
862,Brown,Orange,"Orange,Brown"
863,Brown,Orange,"Orange,Yellow,Brown"
864,Brown,Orange,"Orange,Brown"
865,Brown,Orange,"Red,Orange,Yellow,Brown"
866,Orange,Yellow,"Orange,Yellow,Brown"
867,Orange,Brown,"Red,Orange,Brown"
868,Brown,Orange,"Orange,Brown"
869,Orange,none,Orange
870,Orange,none,Orange
871,Brown,Orange,"Orange,Brown"
872,Cyan,Orange,"Red,Orange,Cyan,Blue,Brown"
873,Orange,Brown,"Orange,Brown"
874,Orange,Brown,"Orange,Yellow,Brown"
875,Brown,Orange,"Orange,Brown"
876,Orange,Brown,"Orange,Brown"
877,Orange,Brown,"Orange,Brown"
878,Brown,Blue,"Orange,Blue,Brown"
879,Yellow,Orange,"Orange,Yellow,Brown"
880,Orange,Brown,"Orange,Brown"
881,Orange,Yellow,"Orange,Yellow,Brown"
882,Orange,Brown,"Red,Orange,Brown"
883,Brown,none,Brown
884,Brown,Yellow,"Orange,Yellow,Brown"
885,Brown,Orange,"Orange,Brown"
886,Orange,Brown,"Orange,Yellow,Brown"
887,Brown,Orange,"Orange,Brown"
888,Yellow,Brown,"Orange,Yellow,Brown"
889,Brown,Orange,"Orange,Brown"
890,Brown,none,Brown
891,Yellow,Brown,"Orange,Yellow,Brown"
892,Brown,Orange,"Orange,Brown"
893,Brown,none,Brown
894,Red,Yellow,"Red,Yellow,Blue,Brown"
895,Orange,Brown,"Orange,Brown"
896,Brown,Orange,"Orange,Brown"
897,Orange,Brown,"Red,Orange,Brown"
898,Brown,Orange,"Orange,Brown"
899,Yellow,Orange,"Orange,Yellow,Brown"
900,Orange,Brown,"Orange,Yellow,Brown"
901,Brown,Orange,"Orange,Brown"
902,Brown,none,Brown
903,Brown,Orange,"Orange,Brown"
904,Brown,none,Brown
905,Orange,none,Orange
906,Orange,Yellow,"Orange,Yellow,Brown"
907,Brown,none,Brown
908,Brown,Orange,"Orange,Brown"
909,Brown,Orange,"Orange,Brown"
910,Yellow,Brown,"Orange,Yellow,Brown"
911,Yellow,Orange,"Orange,Yellow"
912,Brown,none,Brown
913,Yellow,Brown,"Yellow,Brown"
914,Yellow,Brown,"Orange,Yellow,Brown"
915,Brown,Orange,"Red,Orange,Yellow,Brown"
916,Yellow,Orange,"Orange,Yellow"
917,Brown,Orange,"Orange,Yellow,Brown"
918,Orange,Brown,"Orange,Brown"
919,Yellow,Brown,"Red,Orange,Yellow,Brown"
920,Brown,Orange,"Orange,Yellow,Brown"
921,Yellow,Brown,"Orange,Yellow,Brown"
922,Brown,Orange,"Orange,Yellow,Brown"
923,Brown,Orange,"Orange,Brown"
924,Brown,Orange,"Orange,Brown"
925,Brown,Orange,"Orange,Brown"
926,Orange,Blue,"Orange,Blue,Brown"
927,Orange,Brown,"Orange,Brown"
928,Brown,none,Brown
929,Yellow,Orange,"Orange,Yellow"
930,Yellow,Orange,"Orange,Yellow"
931,Brown,Orange,"Orange,Yellow,Brown"
932,Orange,Brown,"Orange,Brown"
933,Brown,Orange,"Orange,Brown"
934,Orange,Yellow,"Orange,Yellow,Brown"
935,Brown,none,Brown
936,Brown,Orange,"Orange,Brown"
937,Brown,none,Brown
938,Brown,Orange,"Orange,Yellow,Brown"
939,Brown,Cyan,"Green,Cyan,Blue,Brown"
940,Brown,Orange,"Orange,Brown"
941,Brown,Orange,"Orange,Brown"
942,Brown,none,Brown
943,Orange,Yellow,"Orange,Yellow"
944,Yellow,Orange,"Orange,Yellow,Brown"
945,Yellow,Orange,"Orange,Yellow"
946,Brown,Orange,"Orange,Brown"
947,Brown,Yellow,"Orange,Yellow,Brown"
948,Orange,Brown,"Orange,Brown"
949,Yellow,Orange,"Orange,Yellow,Brown"
950,Yellow,Orange,"Orange,Yellow,Brown"
951,Yellow,Orange,"Orange,Yellow,Brown"
952,Orange,Yellow,"Orange,Yellow"
953,Orange,Brown,"Orange,Yellow,Brown"
954,Orange,Brown,"Orange,Brown"
955,Orange,Yellow,"Orange,Yellow"
956,Orange,Yellow,"Orange,Yellow"
957,Orange,Brown,"Orange,Brown"
958,Orange,Brown,"Orange,Brown"
959,Yellow,Brown,"Orange,Yellow,Brown"
960,Brown,Blue,"Cyan,Blue,Brown"
961,Orange,Brown,"Orange,Brown"
962,Brown,Red,"Red,Orange,Brown"
963,Orange,Yellow,"Orange,Yellow"
964,Brown,Orange,"Orange,Brown"
965,Orange,Yellow,"Orange,Yellow,Brown"
966,Brown,none,Brown
967,Brown,Orange,"Red,Orange,Brown"
968,Orange,Brown,"Orange,Brown"
969,Yellow,Brown,"Yellow,Brown"
970,Brown,Yellow,"Orange,Yellow,Brown"
971,Brown,Orange,"Orange,Brown"
972,Brown,Orange,"Orange,Brown"
973,Brown,Orange,"Orange,Brown"
974,Brown,Orange,"Red,Orange,Brown"
975,Brown,Orange,"Orange,Brown"
976,Orange,Brown,"Orange,Brown"
977,Yellow,Orange,"Orange,Yellow,Brown"
978,Brown,none,Brown
979,Yellow,Brown,"Orange,Yellow,Brown"
980,Brown,Yellow,"Red,Yellow,Brown"
981,Brown,Orange,"Orange,Yellow,Brown"
982,Orange,Yellow,"Orange,Yellow,Brown"
983,Brown,none,Brown
984,Yellow,none,Yellow
985,Orange,Brown,"Orange,Yellow,Brown"
986,Orange,Yellow,"Orange,Yellow,Brown"
987,Brown,Orange,"Orange,Brown"
988,Orange,Yellow,"Orange,Yellow"
989,Brown,Orange,"Orange,Brown"
990,Brown,none,Brown
991,Orange,Brown,"Orange,Yellow,Brown"
992,Yellow,Orange,"Orange,Yellow,Brown"
993,Orange,Brown,"Orange,Brown"
994,Brown,Orange,"Orange,Brown"
995,Yellow,Brown,"Orange,Yellow,Brown"
996,Orange,Brown,"Orange,Yellow,Brown"
997,Brown,Orange,"Orange,Brown"
998,Yellow,Orange,"Orange,Yellow"
999,Brown,Orange,"Orange,Blue,Brown"
