image_id,color,color_id,color_percentage
925,Brown,0,69.72
407,Brown,0,68.14
525,Brown,0,66.21
209,Brown,0,64.84
503,Brown,0,64.71
622,Brown,0,63.51
349,Brown,0,61.53
502,Brown,0,60.47
559,Brown,0,60.43
940,Brown,0,57.56
618,Brown,0,56.89
232,Brown,0,55.7
53,Brown,0,55.55
468,Brown,0,55.18
260,Brown,0,54.76
708,Brown,0,54.69
91,Brown,0,53.33
442,Brown,0,53.1
465,Brown,0,52.66
681,Brown,0,52.49
812,Brown,0,52.08
167,Brown,0,51.68
446,Brown,0,51.15
842,Brown,0,50.13
508,Brown,0,49.76
320,Brown,0,49.1
885,Brown,0,49.02
625,Brown,0,48.67
294,Brown,0,48.06
355,Brown,0,48.04
6,Brown,0,47.97
967,Brown,0,47.72
710,Brown,0,47.58
601,Brown,0,47.44
100,Brown,0,47.39
570,Brown,0,46.04
937,Brown,0,44.37
745,Brown,0,44.1
148,Brown,0,43.98
292,Brown,0,43.9
367,Brown,0,43.81
458,Brown,0,43.73
404,Brown,0,43.58
36,Brown,0,43.51
434,Brown,0,43.42
455,Brown,0,43.32
713,Brown,0,42.91
253,Brown,0,42.84
604,Brown,0,42.68
397,Brown,0,42.17
368,Brown,0,42.17
907,Brown,0,42.03
135,Brown,0,41.67
511,Brown,0,41.54
909,Brown,0,40.96
902,Brown,0,40.72
340,Brown,0,40.3
875,Brown,0,40.29
366,Brown,0,40.16
284,Brown,0,40.04
639,Brown,0,39.97
864,Brown,0,39.81
41,Brown,0,39.78
603,Brown,0,39.37
399,Brown,0,39.36
219,Brown,0,39.31
492,Brown,0,39.28
948,Brown,0,39.19
900,Brown,0,39.06
505,Brown,0,39.01
635,Brown,0,38.43
441,Brown,0,38.4
532,Brown,0,38.08
493,Brown,0,37.99
431,Brown,0,37.9
371,Brown,0,37.4
189,Brown,0,37.18
749,Brown,0,36.95
387,Brown,0,36.79
515,Brown,0,36.79
233,Brown,0,36.72
65,Brown,0,36.69
311,Brown,0,36.64
323,Brown,0,36.24
615,Brown,0,36.23
118,Brown,0,36.05
697,Brown,0,36.04
281,Brown,0,35.73
345,Brown,0,34.98
370,Brown,0,34.97
174,Brown,0,34.77
235,Brown,0,34.61
378,Brown,0,34.52
653,Brown,0,34.35
860,Brown,0,34.26
742,Brown,0,34.26
335,Brown,0,33.91
464,Brown,0,33.69
677,Brown,0,33.65
241,Brown,0,33.62
164,Brown,0,33.6
790,Brown,0,33.51
539,Brown,0,33.5
961,Brown,0,33.04
212,Brown,0,32.96
291,Brown,0,32.85
958,Brown,0,32.75
218,Brown,0,32.64
972,Brown,0,32.44
850,Brown,0,32.43
912,Brown,0,32.41
327,Brown,0,32.31
62,Brown,0,32.31
498,Brown,0,32.26
102,Brown,0,32.26
975,Brown,0,32.25
877,Brown,0,32.2
531,Brown,0,31.98
64,Brown,0,31.93
674,Brown,0,31.5
258,Brown,0,31.27
589,Brown,0,31.13
683,Brown,0,31.1
923,Brown,0,30.99
56,Brown,0,30.98
432,Brown,0,30.79
375,Brown,0,30.77
469,Brown,0,30.7
152,Brown,0,30.64
568,Brown,0,30.59
34,Brown,0,30.53
687,Brown,0,29.91
640,Brown,0,29.74
165,Brown,0,29.74
266,Brown,0,29.74
211,Brown,0,29.59
338,Brown,0,29.51
739,Brown,0,29.36
533,Brown,0,29.21
551,Brown,0,29.06
847,Brown,0,28.97
786,Brown,0,28.96
643,Brown,0,28.78
439,Brown,0,28.77
422,Brown,0,28.71
153,Brown,0,28.62
761,Brown,0,28.6
163,Brown,0,28.56
155,Brown,0,28.54
63,Brown,0,28.46
129,Brown,0,28.43
896,Brown,0,28.37
99,Brown,0,28.2
800,Brown,0,28.02
395,Brown,0,27.87
732,Brown,0,27.87
409,Brown,0,27.71
279,Brown,0,27.7
192,Brown,0,27.52
520,Brown,0,27.47
413,Brown,0,27.39
113,Brown,0,27.32
547,Brown,0,27.3
499,Brown,0,27.28
641,Brown,0,27.27
827,Brown,0,27.18
268,Brown,0,26.96
957,Brown,0,26.94
362,Brown,0,26.93
244,Brown,0,26.83
296,Brown,0,26.76
688,Brown,0,26.66
928,Brown,0,26.63
324,Brown,0,26.59
552,Brown,0,26.53
29,Brown,0,26.51
979,Brown,0,26.49
776,Brown,0,26.46
973,Brown,0,26.32
743,Brown,0,26.29
707,Brown,0,26.22
840,Brown,0,26.07
84,Brown,0,25.73
276,Brown,0,25.73
908,Brown,0,25.48
629,Brown,0,25.46
880,Brown,0,25.45
507,Brown,0,25.34
470,Brown,0,25.33
755,Brown,0,25.29
120,Brown,0,25.25
82,Brown,0,25.12
336,Brown,0,25.0
45,Brown,0,24.98
215,Brown,0,24.98
20,Brown,0,24.96
927,Brown,0,24.94
463,Brown,0,24.9
308,Brown,0,24.81
162,Brown,0,24.76
869,Orange,1,97.05
768,Orange,1,96.12
489,Orange,1,95.56
77,Orange,1,93.97
252,Orange,1,93.04
565,Orange,1,91.91
853,Orange,1,88.27
943,Orange,1,88.05
289,Orange,1,87.94
213,Orange,1,87.34
49,Orange,1,86.39
286,Orange,1,85.94
180,Orange,1,85.42
854,Orange,1,84.89
17,Orange,1,84.07
453,Orange,1,82.48
522,Orange,1,82.22
968,Orange,1,82.17
361,Orange,1,81.93
411,Orange,1,81.84
269,Orange,1,80.49
206,Orange,1,79.34
462,Orange,1,78.68
730,Orange,1,78.58
344,Orange,1,76.83
836,Orange,1,76.27
290,Orange,1,76.2
774,Orange,1,75.3
762,Orange,1,74.36
905,Orange,1,74.34
548,Orange,1,72.9
359,Orange,1,71.94
130,Orange,1,71.79
543,Orange,1,71.01
330,Orange,1,70.9
295,Orange,1,70.38
628,Orange,1,69.99
953,Orange,1,69.89
67,Orange,1,69.2
858,Orange,1,69.18
985,Orange,1,69.1
586,Orange,1,68.77
322,Orange,1,68.71
35,Orange,1,68.61
329,Orange,1,68.56
988,Orange,1,68.52
751,Orange,1,68.09
529,Orange,1,68.03
187,Orange,1,67.51
607,Orange,1,66.62
300,Orange,1,66.29
779,Orange,1,65.99
247,Orange,1,65.19
58,Orange,1,65.1
351,Orange,1,64.92
555,Orange,1,64.74
318,Orange,1,64.52
364,Orange,1,64.28
648,Orange,1,64.11
519,Orange,1,64.1
478,Orange,1,63.98
228,Orange,1,63.82
650,Orange,1,63.45
203,Orange,1,62.99
621,Orange,1,62.67
993,Orange,1,61.94
518,Orange,1,61.93
636,Orange,1,61.55
195,Orange,1,61.41
390,Orange,1,61.14
963,Orange,1,60.71
826,Orange,1,60.59
426,Orange,1,60.11
736,Orange,1,59.42
866,Orange,1,59.37
224,Orange,1,59.22
255,Orange,1,59.2
791,Orange,1,59.0
514,Orange,1,58.88
106,Orange,1,58.68
115,Orange,1,58.61
870,Orange,1,58.39
982,Orange,1,56.88
136,Orange,1,56.48
483,Orange,1,56.39
202,Orange,1,56.3
352,Orange,1,56.13
682,Orange,1,55.8
634,Orange,1,55.45
613,Orange,1,54.65
40,Orange,1,54.52
619,Orange,1,54.33
273,Orange,1,54.17
176,Orange,1,53.82
851,Orange,1,53.74
78,Orange,1,53.64
109,Orange,1,53.5
703,Orange,1,53.21
208,Orange,1,53.17
90,Orange,1,53.12
30,Orange,1,52.84
363,Orange,1,52.59
477,Orange,1,52.56
264,Orange,1,52.51
257,Orange,1,52.47
874,Orange,1,52.32
480,Orange,1,52.31
808,Orange,1,52.08
451,Orange,1,52.0
297,Orange,1,51.56
134,Orange,1,51.54
780,Orange,1,51.44
832,Orange,1,50.87
298,Orange,1,50.75
97,Orange,1,50.61
986,Orange,1,50.52
673,Orange,1,50.35
560,Orange,1,50.15
581,Orange,1,50.06
849,Orange,1,49.83
270,Orange,1,49.75
712,Orange,1,49.46
876,Orange,1,49.44
347,Orange,1,49.14
443,Orange,1,49.1
161,Orange,1,49.05
144,Orange,1,48.69
700,Orange,1,48.58
795,Orange,1,48.53
952,Orange,1,48.37
823,Orange,1,47.93
828,Orange,1,47.91
448,Orange,1,47.71
744,Orange,1,47.53
328,Orange,1,47.52
185,Orange,1,47.16
137,Orange,1,46.94
839,Orange,1,46.84
605,Orange,1,46.68
918,Orange,1,46.49
37,Orange,1,46.25
383,Orange,1,46.05
670,Orange,1,45.84
420,Orange,1,45.57
105,Orange,1,45.41
18,Orange,1,45.39
59,Orange,1,45.26
92,Orange,1,45.07
199,Orange,1,45.03
608,Orange,1,44.67
976,Orange,1,44.6
452,Orange,1,44.37
624,Orange,1,44.22
934,Orange,1,44.05
524,Orange,1,43.54
663,Orange,1,42.91
592,Orange,1,42.85
406,Orange,1,42.61
996,Orange,1,41.94
275,Orange,1,41.7
816,Orange,1,41.68
157,Orange,1,41.59
811,Orange,1,41.58
150,Orange,1,41.49
834,Orange,1,41.49
339,Orange,1,41.21
12,Orange,1,41.06
521,Orange,1,40.94
85,Orange,1,40.92
396,Orange,1,40.91
140,Orange,1,40.49
400,Orange,1,40.42
545,Orange,1,40.31
472,Orange,1,40.24
159,Orange,1,39.89
98,Orange,1,39.74
210,Orange,1,39.57
573,Orange,1,39.28
494,Orange,1,39.08
112,Orange,1,38.81
111,Orange,1,38.74
809,Orange,1,38.32
319,Orange,1,38.26
169,Orange,1,38.19
956,Orange,1,38.12
881,Orange,1,38.02
610,Orange,1,37.95
535,Orange,1,37.92
932,Orange,1,37.85
321,Orange,1,37.66
302,Orange,1,37.57
916,Orange,1,37.54
459,Orange,1,37.51
482,Orange,1,37.49
694,Orange,1,36.47
691,Orange,1,35.92
107,Orange,1,35.77
216,Orange,1,35.73
217,Orange,1,35.62
288,Orange,1,35.58
246,Red,2,37.15
423,Red,2,25.79
146,Red,2,21.03
8,Red,2,20.22
229,Red,2,17.1
132,Red,2,14.78
526,Red,2,14.71
138,Red,2,14.19
705,Red,2,13.91
117,Red,2,13.25
777,Red,2,11.68
7,Red,2,11.05
194,Red,2,10.37
408,Red,2,9.77
756,Red,2,9.48
103,Red,2,9.28
81,Red,2,8.1
95,Red,2,8.09
428,Red,2,7.8
711,Red,2,7.66
22,Red,2,7.63
714,Red,2,7.6
602,Red,2,7.32
3,Red,2,7.05
309,Red,2,7.03
26,Red,2,7.03
220,Red,2,6.95
706,Red,2,6.73
236,Red,2,6.58
42,Red,2,6.57
612,Red,2,6.38
659,Red,2,6.11
326,Red,2,6.05
177,Red,2,5.88
277,Red,2,5.87
243,Red,2,5.85
772,Red,2,5.77
788,Red,2,5.62
242,Red,2,5.03
716,Yellow,3,94.09
783,Yellow,3,93.42
764,Yellow,3,92.21
317,Yellow,3,90.69
817,Yellow,3,88.43
798,Yellow,3,88.3
567,Yellow,3,86.62
754,Yellow,3,86.49
377,Yellow,3,85.93
546,Yellow,3,85.66
306,Yellow,3,85.47
190,Yellow,3,84.83
223,Yellow,3,84.73
929,Yellow,3,84.58
911,Yellow,3,84.44
563,Yellow,3,83.62
984,Yellow,3,83.32
584,Yellow,3,83.1
620,Yellow,3,82.38
731,Yellow,3,82.22
661,Yellow,3,82.16
844,Yellow,3,81.37
819,Yellow,3,80.47
93,Yellow,3,80.25
104,Yellow,3,79.59
231,Yellow,3,79.52
606,Yellow,3,78.3
487,Yellow,3,77.83
856,Yellow,3,77.76
149,Yellow,3,77.68
314,Yellow,3,76.73
473,Yellow,3,76.01
528,Yellow,3,76.0
373,Yellow,3,75.98
633,Yellow,3,75.88
806,Yellow,3,74.25
31,Yellow,3,72.98
930,Yellow,3,72.29
379,Yellow,3,71.91
142,Yellow,3,71.59
576,Yellow,3,71.52
372,Yellow,3,70.0
438,Yellow,3,68.72
392,Yellow,3,68.59
51,Yellow,3,67.85
595,Yellow,3,67.73
675,Yellow,3,67.68
998,Yellow,3,67.64
538,Yellow,3,67.22
471,Yellow,3,66.97
16,Yellow,3,66.24
488,Yellow,3,64.51
158,Yellow,3,64.33
32,Yellow,3,64.19
785,Yellow,3,63.4
424,Yellow,3,62.97
74,Yellow,3,62.76
310,Yellow,3,61.49
825,Yellow,3,61.07
27,Yellow,3,60.8
616,Yellow,3,59.56
417,Yellow,3,59.38
775,Yellow,3,59.3
702,Yellow,3,58.96
778,Yellow,3,58.95
669,Yellow,3,56.86
753,Yellow,3,56.69
921,Yellow,3,56.58
593,Yellow,3,56.18
879,Yellow,3,55.49
544,Yellow,3,55.27
722,Yellow,3,54.45
506,Yellow,3,53.99
274,Yellow,3,53.68
530,Yellow,3,53.08
315,Yellow,3,52.96
200,Yellow,3,52.43
178,Yellow,3,51.82
461,Yellow,3,51.02
11,Yellow,3,50.51
388,Yellow,3,48.71
793,Yellow,3,48.37
495,Yellow,3,48.34
382,Yellow,3,47.56
821,Yellow,3,47.3
781,Yellow,3,47.15
55,Yellow,3,46.62
796,Yellow,3,46.2
381,Yellow,3,45.73
403,Yellow,3,43.86
914,Yellow,3,43.73
325,Yellow,3,42.46
380,Yellow,3,42.45
287,Yellow,3,42.28
949,Yellow,3,42.14
950,Yellow,3,42.04
401,Yellow,3,41.61
510,Yellow,3,40.51
237,Yellow,3,40.39
491,Yellow,3,39.82
536,Yellow,3,39.45
248,Yellow,3,38.95
579,Yellow,3,38.3
846,Yellow,3,38.21
728,Yellow,3,37.0
48,Yellow,3,36.66
977,Yellow,3,36.52
951,Yellow,3,36.19
145,Yellow,3,33.93
475,Yellow,3,33.04
433,Yellow,3,32.5
553,Yellow,3,32.5
765,Yellow,3,31.87
944,Yellow,3,31.57
204,Yellow,3,31.12
38,Yellow,3,30.42
534,Yellow,3,29.34
569,Yellow,3,29.15
196,Yellow,3,29.02
496,Yellow,3,28.81
410,Yellow,3,28.23
46,Yellow,3,27.84
139,Yellow,3,27.82
516,Yellow,3,27.72
590,Yellow,3,27.6
357,Yellow,3,27.54
945,Yellow,3,27.22
919,Yellow,3,26.48
588,Yellow,3,25.99
815,Yellow,3,25.8
727,Yellow,3,25.61
68,Yellow,3,25.38
627,Yellow,3,24.67
1,Yellow,3,24.44
992,Yellow,3,24.43
376,Yellow,3,24.29
418,Yellow,3,23.58
794,Yellow,3,23.5
995,Yellow,3,23.23
660,Yellow,3,23.01
183,Yellow,3,22.98
955,Yellow,3,22.89
141,Yellow,3,22.7
239,Yellow,3,22.66
447,Yellow,3,22.55
83,Yellow,3,22.54
724,Yellow,3,22.45
664,Yellow,3,22.35
251,Yellow,3,22.34
33,Yellow,3,22.16
481,Yellow,3,22.12
652,Yellow,3,22.06
259,Yellow,3,21.65
789,Yellow,3,21.46
782,Yellow,3,21.36
386,Yellow,3,21.17
738,Yellow,3,21.06
917,Yellow,3,20.44
649,Yellow,3,20.06
857,Yellow,3,19.96
440,Yellow,3,19.69
96,Yellow,3,18.64
824,Yellow,3,18.15
947,Yellow,3,18.06
662,Yellow,3,17.8
50,Yellow,3,17.76
891,Yellow,3,17.52
278,Yellow,3,17.2
61,Yellow,3,17.18
127,Yellow,3,17.09
540,Yellow,3,16.96
385,Yellow,3,16.78
435,Yellow,3,16.36
303,Yellow,3,16.33
910,Yellow,3,16.28
767,Yellow,3,16.26
316,Yellow,3,15.88
803,Yellow,3,15.77
450,Yellow,3,15.61
205,Yellow,3,15.37
4,Yellow,3,15.0
837,Yellow,3,14.99
913,Yellow,3,14.66
623,Yellow,3,14.5
770,Yellow,3,14.28
899,Yellow,3,13.81
19,Yellow,3,13.72
549,Yellow,3,13.45
429,Yellow,3,13.31
436,Yellow,3,13.13
741,Yellow,3,13.04
965,Yellow,3,13.04
638,Yellow,3,12.94
888,Yellow,3,12.78
802,Yellow,3,12.7
829,Yellow,3,12.69
121,Yellow,3,12.69
394,Yellow,3,12.57
696,Yellow,3,12.53
28,Yellow,3,12.25
